Mean MSE,Mean MAE,Mean RMSE,Mean R²
0.016804368588159285,0.0902954306262667,0.12935573919032606,0.6535048243861752
